,Loss,Accuracy
Train,0.9115157176734535,82.97
Validation,1.0211234168641885,71.89
Test,1.0883851051330566,65.41666666666667
