,Loss,Accuracy
Train,0.7692675674037569,97.65
Validation,0.8747492948914789,88.22
Test,0.857506251335144,88.4375
