,Loss,Accuracy
Train,0.8469849471833296,89.60000000000001
Validation,0.9280235592726689,81.14
Test,0.9626485188802083,78.02083333333333
