,Loss,Accuracy
Train,0.8525967263871697,89.18
Validation,1.0354473203610464,70.71
Test,0.9855823556582133,75.3125
