,Loss,Accuracy
Train,0.7964089793764102,94.78999999999999
Validation,0.8417776454785827,90.34
Test,0.9180963039398193,82.5
