,Loss,Accuracy
Train,0.789949844976899,95.43
Validation,0.9091077986036896,83.22
Test,0.9010371208190918,83.95833333333333
