,Loss,Accuracy
Train,0.8316093326374224,91.24
Validation,1.0476800719643855,69.37
Test,1.0043024698893228,73.64583333333333
