,Loss,Accuracy
Train,1.1531263362070558,57.38999999999999
Validation,1.1881918117498895,54.900000000000006
Test,1.253054404258728,45.9375
