,Loss,Accuracy
Train,0.8880721361014494,85.72999999999999
Validation,1.007007580653877,73.24000000000001
Test,1.023340098063151,72.08333333333333
