,Loss,Accuracy
Train,0.7830079721797044,96.07
Validation,0.8224062995546183,92.16
Test,0.8605866273244221,88.125
