,Loss,Accuracy
Train,0.9353991879779062,80.66
Validation,0.9955421989890421,74.76
Test,1.0878579219182332,64.89583333333333
